[{"pos_x": 99.3775, "pos_y": -144.9387, "rotation": 0.0, "side": "top", "designator": "MX_Eb_min1", "mpn": null, "pack": "SW_Cherry_MX_1.00u_PCB", "value": "MX-NoLED", "mount_type": "tht", "place": true}, {"pos_x": 194.6275, "pos_y": -144.9387, "rotation": 0.0, "side": "top", "designator": "MX_Dn_min1", "mpn": null, "pack": "SW_Cherry_MX_1.00u_PCB", "value": "MX-NoLED", "mount_type": "tht", "place": true}, {"pos_x": 266.065, "pos_y": -125.8887, "rotation": 0.0, "side": "top", "designator": "MX_Fs_maj1", "mpn": null, "pack": "SW_Cherry_MX_1.00u_PCB", "value": "MX-NoLED", "mount_type": "tht", "place": true}, {"pos_x": 185.1025, "pos_y": -183.0387, "rotation": 0.0, "side": "top", "designator": "MX_Gn_dim1", "mpn": null, "pack": "SW_Cherry_MX_1.00u_PCB", "value": "MX-NoLED", "mount_type": "tht", "place": true}, {"pos_x": 118.4275, "pos_y": -144.9387, "rotation": 0.0, "side": "top", "designator": "MX_Bb_min1", "mpn": null, "pack": "SW_Cherry_MX_1.00u_PCB", "value": "MX-NoLED", "mount_type": "tht", "place": true}, {"pos_x": 304.165, "pos_y": -202.0887, "rotation": 0.0, "side": "top", "designator": "MX_func12", "mpn": null, "pack": "SW_Cherry_MX_1.00u_PCB", "value": "MX-NoLED", "mount_type": "tht", "place": true}, {"pos_x": 189.865, "pos_y": -125.8887, "rotation": 0.0, "side": "top", "designator": "MX_Dn_maj1", "mpn": null, "pack": "SW_Cherry_MX_1.00u_PCB", "value": "MX-NoLED", "mount_type": "tht", "place": true}, {"pos_x": 299.4025, "pos_y": -183.0387, "rotation": 0.0, "side": "top", "designator": "MX_dim_aug1", "mpn": null, "pack": "SW_Cherry_MX_1.00u_PCB", "value": "MX-NoLED", "mount_type": "tht", "place": true}, {"pos_x": 142.24, "pos_y": -163.9887, "rotation": 0.0, "side": "top", "designator": "MX_Fn_7", "mpn": null, "pack": "SW_Cherry_MX_1.00u_PCB", "value": "MX-NoLED", "mount_type": "tht", "place": true}, {"pos_x": 151.765, "pos_y": -125.8887, "rotation": 0.0, "side": "top", "designator": "MX_Cn_maj1", "mpn": null, "pack": "SW_Cherry_MX_1.00u_PCB", "value": "MX-NoLED", "mount_type": "tht", "place": true}, {"pos_x": 266.065, "pos_y": -202.0887, "rotation": 0.0, "side": "top", "designator": "MX_func10", "mpn": null, "pack": "SW_Cherry_MX_1.00u_PCB", "value": "MX-NoLED", "mount_type": "tht", "place": true}, {"pos_x": 161.29, "pos_y": -87.7887, "rotation": 0.0, "side": "top", "designator": "MX_Gn_3rd1", "mpn": null, "pack": "SW_Cherry_MX_1.00u_PCB", "value": "MX-NoLED", "mount_type": "tht", "place": true}, {"pos_x": 280.3525, "pos_y": -183.0387, "rotation": 0.0, "side": "top", "designator": "MX_Fs_dim1", "mpn": null, "pack": "SW_Cherry_MX_1.00u_PCB", "value": "MX-NoLED", "mount_type": "tht", "place": true}, {"pos_x": 261.3025, "pos_y": -183.0387, "rotation": 0.0, "side": "top", "designator": "MX_Bn_dim1", "mpn": null, "pack": "SW_Cherry_MX_1.00u_PCB", "value": "MX-NoLED", "mount_type": "tht", "place": true}, {"pos_x": 285.115, "pos_y": -202.0887, "rotation": 0.0, "side": "top", "designator": "MX_func11", "mpn": null, "pack": "SW_Cherry_MX_2.75u_PCB", "value": "MX-NoLED", "mount_type": "tht", "place": true}, {"pos_x": 85.09, "pos_y": -87.7887, "rotation": 0.0, "side": "top", "designator": "MX_Eb_3rd1", "mpn": null, "pack": "SW_Cherry_MX_1.00u_PCB", "value": "MX-NoLED", "mount_type": "tht", "place": true}, {"pos_x": 70.8025, "pos_y": -183.0387, "rotation": 0.0, "side": "top", "designator": "MX_Db_dim1", "mpn": null, "pack": "SW_Cherry_MX_1.00u_PCB", "value": "MX-NoLED", "mount_type": "tht", "place": true}, {"pos_x": 242.2525, "pos_y": -106.8387, "rotation": 0.0, "side": "top", "designator": "MX_Bn_root1", "mpn": null, "pack": "SW_Cherry_MX_1.00u_PCB", "value": "MX-NoLED", "mount_type": "tht", "place": true}, {"pos_x": 204.1525, "pos_y": -183.0387, "rotation": 0.0, "side": "top", "designator": "MX_Dn_dim1", "mpn": null, "pack": "SW_Cherry_MX_1.00u_PCB", "value": "MX-NoLED", "mount_type": "tht", "place": true}, {"pos_x": 51.7525, "pos_y": -106.8387, "rotation": 0.0, "side": "top", "designator": "MX_Db_root1", "mpn": null, "pack": "SW_Cherry_MX_1.00u_PCB", "value": "MX-NoLED", "mount_type": "tht", "place": true}, {"pos_x": 70.8025, "pos_y": -106.8387, "rotation": 0.0, "side": "top", "designator": "MX_Ab-root1", "mpn": null, "pack": "SW_Cherry_MX_1.00u_PCB", "value": "MX-NoLED", "mount_type": "tht", "place": true}, {"pos_x": 166.0525, "pos_y": -106.8387, "rotation": 0.0, "side": "top", "designator": "MX_Gn_root1", "mpn": null, "pack": "SW_Cherry_MX_1.00u_PCB", "value": "MX-NoLED", "mount_type": "tht", "place": true}, {"pos_x": 208.915, "pos_y": -202.0887, "rotation": 0.0, "side": "top", "designator": "MX_func7", "mpn": null, "pack": "SW_Cherry_MX_1.00u_PCB", "value": "MX-NoLED", "mount_type": "tht", "place": true}, {"pos_x": 89.8525, "pos_y": -183.0387, "rotation": 0.0, "side": "top", "designator": "MX_Ab_dim1", "mpn": null, "pack": "SW_Cherry_MX_1.00u_PCB", "value": "MX-NoLED", "mount_type": "tht", "place": true}, {"pos_x": 80.3275, "pos_y": -144.9387, "rotation": 0.0, "side": "top", "designator": "MX_Ab_min1", "mpn": null, "pack": "SW_Cherry_MX_1.00u_PCB", "value": "MX-NoLED", "mount_type": "tht", "place": true}, {"pos_x": 94.615, "pos_y": -125.8887, "rotation": 0.0, "side": "top", "designator": "MX_Eb_maj1", "mpn": null, "pack": "SW_Cherry_MX_1.00u_PCB", "value": "MX-NoLED", "mount_type": "tht", "place": true}, {"pos_x": 310.725, "pos_y": -164.3062, "rotation": 0.0, "side": "top", "designator": "D94_Maj7", "mpn": null, "pack": "LED_D3.0mm", "value": "LED_Filled", "mount_type": "tht", "place": true}, {"pos_x": 123.19, "pos_y": -163.9887, "rotation": 0.0, "side": "top", "designator": "MX_Bb_7", "mpn": null, "pack": "SW_Cherry_MX_1.00u_PCB", "value": "MX-NoLED", "mount_type": "tht", "place": true}, {"pos_x": 170.815, "pos_y": -202.0887, "rotation": 0.0, "side": "top", "designator": "MX_func5", "mpn": null, "pack": "SW_Cherry_MX_1.00u_PCB", "value": "MX-NoLED", "mount_type": "tht", "place": true}, {"pos_x": 294.64, "pos_y": -144.9387, "rotation": 0.0, "side": "top", "designator": "MX_down_half1", "mpn": null, "pack": "SW_Cherry_MX_1.50u_PCB", "value": "MX-NoLED", "mount_type": "tht", "place": true}, {"pos_x": 213.6775, "pos_y": -144.9387, "rotation": 0.0, "side": "top", "designator": "MX_An_min1", "mpn": null, "pack": "SW_Cherry_MX_1.00u_PCB", "value": "MX-NoLED", "mount_type": "tht", "place": true}, {"pos_x": 237.49, "pos_y": -163.9887, "rotation": 0.0, "side": "top", "designator": "MX_En_7", "mpn": null, "pack": "SW_Cherry_MX_1.00u_PCB", "value": "MX-NoLED", "mount_type": "tht", "place": true}, {"pos_x": 166.0525, "pos_y": -183.0387, "rotation": 0.0, "side": "top", "designator": "MX_Cn_dim1", "mpn": null, "pack": "SW_Cherry_MX_1.00u_PCB", "value": "MX-NoLED", "mount_type": "tht", "place": true}, {"pos_x": 132.715, "pos_y": -202.0887, "rotation": 0.0, "side": "top", "designator": "MX_func3", "mpn": null, "pack": "SW_Cherry_MX_1.00u_PCB", "value": "MX-NoLED", "mount_type": "tht", "place": true}, {"pos_x": 232.7275, "pos_y": -144.9387, "rotation": 0.0, "side": "top", "designator": "MX_En_min1", "mpn": null, "pack": "SW_Cherry_MX_1.00u_PCB", "value": "MX-NoLED", "mount_type": "tht", "place": true}, {"pos_x": 227.965, "pos_y": -125.8887, "rotation": 0.0, "side": "top", "designator": "MX_En_maj1", "mpn": null, "pack": "SW_Cherry_MX_1.00u_PCB", "value": "MX-NoLED", "mount_type": "tht", "place": true}, {"pos_x": 297.0213, "pos_y": -163.9887, "rotation": 0.0, "side": "top", "designator": "MX_maj_dom1", "mpn": null, "pack": "SW_Cherry_MX_1.25u_PCB", "value": "MX-NoLED", "mount_type": "tht", "place": true}, {"pos_x": 156.5275, "pos_y": -144.9387, "rotation": 0.0, "side": "top", "designator": "MX_Cn_min1", "mpn": null, "pack": "SW_Cherry_MX_1.00u_PCB", "value": "MX-NoLED", "mount_type": "tht", "place": true}, {"pos_x": 127.9525, "pos_y": -106.8387, "rotation": 0.0, "side": "top", "designator": "MX_Fn_root1", "mpn": null, "pack": "SW_Cherry_MX_1.00u_PCB", "value": "MX-NoLED", "mount_type": "tht", "place": true}, {"pos_x": 199.39, "pos_y": -87.7887, "rotation": 0.0, "side": "top", "designator": "MX_An_3rd1", "mpn": null, "pack": "SW_Cherry_MX_1.00u_PCB", "value": "MX-NoLED", "mount_type": "tht", "place": true}, {"pos_x": 151.765, "pos_y": -202.0887, "rotation": 0.0, "side": "top", "designator": "MX_func4", "mpn": null, "pack": "SW_Cherry_MX_6.25u_PCB", "value": "MX-NoLED", "mount_type": "tht", "place": true}, {"pos_x": 310.725, "pos_y": -173.8312, "rotation": 0.0, "side": "top", "designator": "D95_Dom7", "mpn": null, "pack": "LED_D3.0mm", "value": "LED_Filled", "mount_type": "tht", "place": true}, {"pos_x": 251.7775, "pos_y": -144.9387, "rotation": 0.0, "side": "top", "designator": "MX_Bn_min1", "mpn": null, "pack": "SW_Cherry_MX_1.00u_PCB", "value": "MX-NoLED", "mount_type": "tht", "place": true}, {"pos_x": 310.725, "pos_y": -183.3562, "rotation": 0.0, "side": "top", "designator": "D93_Dim1", "mpn": null, "pack": "LED_D3.0mm", "value": "LED_Filled", "mount_type": "tht", "place": true}, {"pos_x": 161.29, "pos_y": -163.9887, "rotation": 0.0, "side": "top", "designator": "MX_Cn_7", "mpn": null, "pack": "SW_Cherry_MX_1.00u_PCB", "value": "MX-NoLED", "mount_type": "tht", "place": true}, {"pos_x": 289.8713, "pos_y": -106.8387, "rotation": 0.0, "side": "top", "designator": "MX_down_oct1", "mpn": null, "pack": "SW_Cherry_MX_2.00u_PCB", "value": "MX-NoLED", "mount_type": "tht", "place": true}, {"pos_x": 227.965, "pos_y": -202.0887, "rotation": 0.0, "side": "top", "designator": "MX_func8", "mpn": null, "pack": "SW_Cherry_MX_1.75u_PCB", "value": "MX-NoLED", "mount_type": "tht", "place": true}, {"pos_x": 61.2775, "pos_y": -144.9387, "rotation": 0.0, "side": "top", "designator": "MX_Db_min1", "mpn": null, "pack": "SW_Cherry_MX_1.00u_PCB", "value": "MX-NoLED", "mount_type": "tht", "place": true}, {"pos_x": 311.9438, "pos_y": -106.3625, "rotation": 90.0, "side": "top", "designator": "LS1", "mpn": null, "pack": "SolderWire-2sqmm_1x02_P7.8mm_D2mm_OD3.9mm", "value": "Speaker", "mount_type": "tht", "place": true}, {"pos_x": 137.4775, "pos_y": -144.9387, "rotation": 0.0, "side": "top", "designator": "MX_Fn_min1", "mpn": null, "pack": "SW_Cherry_MX_1.00u_PCB", "value": "MX-NoLED", "mount_type": "tht", "place": true}, {"pos_x": 199.39, "pos_y": -163.9887, "rotation": 0.0, "side": "top", "designator": "MX_Dn_7", "mpn": null, "pack": "SW_Cherry_MX_1.00u_PCB", "value": "MX-NoLED", "mount_type": "tht", "place": true}, {"pos_x": 185.1025, "pos_y": -106.8387, "rotation": 0.0, "side": "top", "designator": "MX_Dn_root1", "mpn": null, "pack": "SW_Cherry_MX_1.00u_PCB", "value": "MX-NoLED", "mount_type": "tht", "place": true}, {"pos_x": 261.3025, "pos_y": -106.8387, "rotation": 0.0, "side": "top", "designator": "MX_Fs_root1", "mpn": null, "pack": "SW_Cherry_MX_1.00u_PCB", "value": "MX-NoLED", "mount_type": "tht", "place": true}, {"pos_x": 108.9025, "pos_y": -106.8387, "rotation": 0.0, "side": "top", "designator": "MX_Bb_root1", "mpn": null, "pack": "SW_Cherry_MX_1.00u_PCB", "value": "MX-NoLED", "mount_type": "tht", "place": true}, {"pos_x": 104.14, "pos_y": -163.9887, "rotation": 0.0, "side": "top", "designator": "MX_Eb_7", "mpn": null, "pack": "SW_Cherry_MX_1.00u_PCB", "value": "MX-NoLED", "mount_type": "tht", "place": true}, {"pos_x": 180.34, "pos_y": -87.7887, "rotation": 0.0, "side": "top", "designator": "MX_Dn_3rd1", "mpn": null, "pack": "SW_Cherry_MX_1.00u_PCB", "value": "MX-NoLED", "mount_type": "tht", "place": true}, {"pos_x": 75.565, "pos_y": -125.8887, "rotation": 0.0, "side": "top", "designator": "MX_Ab_maj1", "mpn": null, "pack": "SW_Cherry_MX_1.00u_PCB", "value": "MX-NoLED", "mount_type": "tht", "place": true}, {"pos_x": 113.665, "pos_y": -202.0887, "rotation": 0.0, "side": "top", "designator": "MX_func2", "mpn": null, "pack": "SW_Cherry_MX_1.00u_PCB", "value": "MX-NoLED", "mount_type": "tht", "place": true}, {"pos_x": 204.1525, "pos_y": -106.8387, "rotation": 0.0, "side": "top", "designator": "MX_An_root1", "mpn": null, "pack": "SW_Cherry_MX_1.00u_PCB", "value": "MX-NoLED", "mount_type": "tht", "place": true}, {"pos_x": 223.2025, "pos_y": -106.8387, "rotation": 0.0, "side": "top", "designator": "MX_En_root1", "mpn": null, "pack": "SW_Cherry_MX_1.00u_PCB", "value": "MX-NoLED", "mount_type": "tht", "place": true}, {"pos_x": 147.0025, "pos_y": -106.8387, "rotation": 0.0, "side": "top", "designator": "MX_Cn_root1", "mpn": null, "pack": "SW_Cherry_MX_1.00u_PCB", "value": "MX-NoLED", "mount_type": "tht", "place": true}, {"pos_x": 66.04, "pos_y": -163.9887, "rotation": 0.0, "side": "top", "designator": "MX_Db_7", "mpn": null, "pack": "SW_Cherry_MX_1.00u_PCB", "value": "MX-NoLED", "mount_type": "tht", "place": true}, {"pos_x": 46.99, "pos_y": -87.7887, "rotation": 0.0, "side": "top", "designator": "MX_Db_3rd1", "mpn": null, "pack": "SW_Cherry_MX_1.00u_PCB", "value": "MX-NoLED", "mount_type": "tht", "place": true}, {"pos_x": 73.1775, "pos_y": -202.0887, "rotation": 0.0, "side": "top", "designator": "MX_func0", "mpn": null, "pack": "SW_Cherry_MX_2.00u_PCB", "value": "MX-NoLED", "mount_type": "tht", "place": true}, {"pos_x": 247.015, "pos_y": -202.0887, "rotation": 0.0, "side": "top", "designator": "MX_func9", "mpn": null, "pack": "SW_Cherry_MX_1.00u_PCB", "value": "MX-NoLED", "mount_type": "tht", "place": true}, {"pos_x": 237.49, "pos_y": -87.7887, "rotation": 0.0, "side": "top", "designator": "MX_Bn_3rd1", "mpn": null, "pack": "SW_Cherry_MX_1.00u_PCB", "value": "MX-NoLED", "mount_type": "tht", "place": true}, {"pos_x": 270.8275, "pos_y": -144.9387, "rotation": 0.0, "side": "top", "designator": "MX_Fs_min1", "mpn": null, "pack": "SW_Cherry_MX_1.00u_PCB", "value": "MX-NoLED", "mount_type": "tht", "place": true}, {"pos_x": 208.915, "pos_y": -125.8887, "rotation": 0.0, "side": "top", "designator": "MX_An_maj1", "mpn": null, "pack": "SW_Cherry_MX_1.00u_PCB", "value": "MX-NoLED", "mount_type": "tht", "place": true}, {"pos_x": 180.34, "pos_y": -163.9887, "rotation": 0.0, "side": "top", "designator": "MX_Gn_7", "mpn": null, "pack": "SW_Cherry_MX_1.00u_PCB", "value": "MX-NoLED", "mount_type": "tht", "place": true}, {"pos_x": 275.59, "pos_y": -163.9887, "rotation": 0.0, "side": "top", "designator": "MX_Fs_7", "mpn": null, "pack": "SW_Cherry_MX_1.00u_PCB", "value": "MX-NoLED", "mount_type": "tht", "place": true}, {"pos_x": 108.9025, "pos_y": -183.0387, "rotation": 0.0, "side": "top", "designator": "MX_Eb_dim1", "mpn": null, "pack": "SW_Cherry_MX_1.00u_PCB", "value": "MX-NoLED", "mount_type": "tht", "place": true}, {"pos_x": 89.8525, "pos_y": -106.8387, "rotation": 0.0, "side": "top", "designator": "MX_Eb_root1", "mpn": null, "pack": "SW_Cherry_MX_1.00u_PCB", "value": "MX-NoLED", "mount_type": "tht", "place": true}, {"pos_x": 132.715, "pos_y": -125.8887, "rotation": 0.0, "side": "top", "designator": "MX_Fn_maj1", "mpn": null, "pack": "SW_Cherry_MX_1.00u_PCB", "value": "MX-NoLED", "mount_type": "tht", "place": true}, {"pos_x": 113.665, "pos_y": -125.8887, "rotation": 0.0, "side": "top", "designator": "MX_Bb_maj1", "mpn": null, "pack": "SW_Cherry_MX_1.00u_PCB", "value": "MX-NoLED", "mount_type": "tht", "place": true}, {"pos_x": 310.725, "pos_y": -192.8812, "rotation": 0.0, "side": "top", "designator": "D92_Aug1", "mpn": null, "pack": "LED_D3.0mm", "value": "LED_Filled", "mount_type": "tht", "place": true}, {"pos_x": 104.14, "pos_y": -87.7887, "rotation": 0.0, "side": "top", "designator": "MX_Bb_3rd1", "mpn": null, "pack": "SW_Cherry_MX_1.00u_PCB", "value": "MX-NoLED", "mount_type": "tht", "place": true}, {"pos_x": 242.2525, "pos_y": -183.0387, "rotation": 0.0, "side": "top", "designator": "MX_En_dim1", "mpn": null, "pack": "SW_Cherry_MX_1.00u_PCB", "value": "MX-NoLED", "mount_type": "tht", "place": true}, {"pos_x": 123.19, "pos_y": -87.7887, "rotation": 0.0, "side": "top", "designator": "MX_Fn_3rd1", "mpn": null, "pack": "SW_Cherry_MX_1.00u_PCB", "value": "MX-NoLED", "mount_type": "tht", "place": true}, {"pos_x": 223.2025, "pos_y": -183.0387, "rotation": 0.0, "side": "top", "designator": "MX_An_dim1", "mpn": null, "pack": "SW_Cherry_MX_1.00u_PCB", "value": "MX-NoLED", "mount_type": "tht", "place": true}, {"pos_x": 287.49, "pos_y": -87.7887, "rotation": 0.0, "side": "top", "designator": "MX_up_oct1", "mpn": null, "pack": "SW_Cherry_MX_2.25u_PCB", "value": "MX-NoLED", "mount_type": "tht", "place": true}, {"pos_x": 170.815, "pos_y": -125.8887, "rotation": 0.0, "side": "top", "designator": "MX_Gn_maj1", "mpn": null, "pack": "SW_Cherry_MX_1.00u_PCB", "value": "MX-NoLED", "mount_type": "tht", "place": true}, {"pos_x": 127.9525, "pos_y": -183.0387, "rotation": 0.0, "side": "top", "designator": "MX_Bb_dim1", "mpn": null, "pack": "SW_Cherry_MX_1.00u_PCB", "value": "MX-NoLED", "mount_type": "tht", "place": true}, {"pos_x": 256.54, "pos_y": -163.9887, "rotation": 0.0, "side": "top", "designator": "MX_Bn_7", "mpn": null, "pack": "SW_Cherry_MX_1.00u_PCB", "value": "MX-NoLED", "mount_type": "tht", "place": true}, {"pos_x": 85.09, "pos_y": -163.9887, "rotation": 0.0, "side": "top", "designator": "MX_Ab_7", "mpn": null, "pack": "SW_Cherry_MX_1.00u_PCB", "value": "MX-NoLED", "mount_type": "tht", "place": true}, {"pos_x": 175.5775, "pos_y": -144.9387, "rotation": 0.0, "side": "top", "designator": "MX_Gn_min1", "mpn": null, "pack": "SW_Cherry_MX_1.00u_PCB", "value": "MX-NoLED", "mount_type": "tht", "place": true}, {"pos_x": 56.515, "pos_y": -125.8887, "rotation": 0.0, "side": "top", "designator": "MX_Db_maj1", "mpn": null, "pack": "SW_Cherry_MX_1.00u_PCB", "value": "MX-NoLED", "mount_type": "tht", "place": true}, {"pos_x": 256.54, "pos_y": -87.7887, "rotation": 0.0, "side": "top", "designator": "MX_Fs_3rd1", "mpn": null, "pack": "SW_Cherry_MX_1.00u_PCB", "value": "MX-NoLED", "mount_type": "tht", "place": true}, {"pos_x": 218.44, "pos_y": -87.7887, "rotation": 0.0, "side": "top", "designator": "MX_En_3rd1", "mpn": null, "pack": "SW_Cherry_MX_1.00u_PCB", "value": "MX-NoLED", "mount_type": "tht", "place": true}, {"pos_x": 147.0025, "pos_y": -183.0387, "rotation": 0.0, "side": "top", "designator": "MX_Fn_dim1", "mpn": null, "pack": "SW_Cherry_MX_1.00u_PCB", "value": "MX-NoLED", "mount_type": "tht", "place": true}, {"pos_x": 66.04, "pos_y": -87.7887, "rotation": 0.0, "side": "top", "designator": "MX_Ab_3rd1", "mpn": null, "pack": "SW_Cherry_MX_1.00u_PCB", "value": "MX-NoLED", "mount_type": "tht", "place": true}, {"pos_x": 189.865, "pos_y": -202.0887, "rotation": 0.0, "side": "top", "designator": "MX_func6", "mpn": null, "pack": "SW_Cherry_MX_1.00u_PCB", "value": "MX-NoLED", "mount_type": "tht", "place": true}, {"pos_x": 292.2588, "pos_y": -125.8887, "rotation": 0.0, "side": "top", "designator": "MX_up_half1", "mpn": null, "pack": "SW_Cherry_MX_1.75u_PCB", "value": "MX-NoLED", "mount_type": "tht", "place": true}, {"pos_x": 94.615, "pos_y": -202.0887, "rotation": 0.0, "side": "top", "designator": "MX_func1", "mpn": null, "pack": "SW_Cherry_MX_1.00u_PCB", "value": "MX-NoLED", "mount_type": "tht", "place": true}, {"pos_x": 247.015, "pos_y": -125.8887, "rotation": 0.0, "side": "top", "designator": "MX_Bn_maj1", "mpn": null, "pack": "SW_Cherry_MX_1.00u_PCB", "value": "MX-NoLED", "mount_type": "tht", "place": true}, {"pos_x": 218.44, "pos_y": -163.9887, "rotation": 0.0, "side": "top", "designator": "MX_An_7", "mpn": null, "pack": "SW_Cherry_MX_1.00u_PCB", "value": "MX-NoLED", "mount_type": "tht", "place": true}, {"pos_x": 142.24, "pos_y": -87.7887, "rotation": 0.0, "side": "top", "designator": "MX_Cn_3rd1", "mpn": null, "pack": "SW_Cherry_MX_1.00u_PCB", "value": "MX-NoLED", "mount_type": "tht", "place": true}, {"pos_x": 177.8, "pos_y": -130.9687, "rotation": 90.0, "side": "bottom", "designator": "D34", "mpn": null, "pack": "D_SOD-123", "value": "D_Small", "mount_type": "smt", "place": true}, {"pos_x": 254.0, "pos_y": -207.1687, "rotation": 90.0, "side": "bottom", "designator": "D89", "mpn": null, "pack": "D_SOD-123", "value": "D_Small", "mount_type": "smt", "place": true}, {"pos_x": 196.85, "pos_y": -207.1687, "rotation": 90.0, "side": "bottom", "designator": "D86", "mpn": null, "pack": "D_SOD-123", "value": "D_Small", "mount_type": "smt", "place": true}, {"pos_x": 63.5, "pos_y": -130.9687, "rotation": 90.0, "side": "bottom", "designator": "D28", "mpn": null, "pack": "D_SOD-123", "value": "D_Small", "mount_type": "smt", "place": true}, {"pos_x": 244.475, "pos_y": -169.0687, "rotation": 90.0, "side": "bottom", "designator": "D63", "mpn": null, "pack": "D_SOD-123", "value": "D_Small", "mount_type": "smt", "place": true}, {"pos_x": 234.95, "pos_y": -130.9687, "rotation": 90.0, "side": "bottom", "designator": "D37", "mpn": null, "pack": "D_SOD-123", "value": "D_Small", "mount_type": "smt", "place": true}, {"pos_x": 249.2375, "pos_y": -188.1187, "rotation": 90.0, "side": "bottom", "designator": "D76", "mpn": null, "pack": "D_SOD-123", "value": "D_Small", "mount_type": "smt", "place": true}, {"pos_x": 239.7125, "pos_y": -150.0187, "rotation": 90.0, "side": "bottom", "designator": "D50", "mpn": null, "pack": "D_SOD-123", "value": "D_Small", "mount_type": "smt", "place": true}, {"pos_x": 149.225, "pos_y": -169.0687, "rotation": 90.0, "side": "bottom", "designator": "D58", "mpn": null, "pack": "D_SOD-123", "value": "D_Small", "mount_type": "smt", "place": true}, {"pos_x": 134.9375, "pos_y": -188.1187, "rotation": 90.0, "side": "bottom", "designator": "D70", "mpn": null, "pack": "D_SOD-123", "value": "D_Small", "mount_type": "smt", "place": true}, {"pos_x": 173.0375, "pos_y": -188.1187, "rotation": 90.0, "side": "bottom", "designator": "D72", "mpn": null, "pack": "D_SOD-123", "value": "D_Small", "mount_type": "smt", "place": true}, {"pos_x": 139.7, "pos_y": -207.1687, "rotation": 90.0, "side": "bottom", "designator": "D83", "mpn": null, "pack": "D_SOD-123", "value": "D_Small", "mount_type": "smt", "place": true}, {"pos_x": 220.6625, "pos_y": -150.0187, "rotation": 90.0, "side": "bottom", "designator": "D49", "mpn": null, "pack": "D_SOD-123", "value": "D_Small", "mount_type": "smt", "place": true}, {"pos_x": 211.1375, "pos_y": -111.9187, "rotation": 90.0, "side": "bottom", "designator": "D23", "mpn": null, "pack": "D_SOD-123", "value": "D_Small", "mount_type": "smt", "place": true}, {"pos_x": 130.175, "pos_y": -169.0687, "rotation": 90.0, "side": "bottom", "designator": "D57", "mpn": null, "pack": "D_SOD-123", "value": "D_Small", "mount_type": "smt", "place": true}, {"pos_x": 268.2875, "pos_y": -188.1812, "rotation": 90.0, "side": "bottom", "designator": "D77", "mpn": null, "pack": "D_SOD-123", "value": "D_Small", "mount_type": "smt", "place": true}, {"pos_x": 82.55, "pos_y": -207.1687, "rotation": 90.0, "side": "bottom", "designator": "D80", "mpn": null, "pack": "D_SOD-123", "value": "D_Small", "mount_type": "smt", "place": true}, {"pos_x": 101.6, "pos_y": -130.9687, "rotation": 90.0, "side": "bottom", "designator": "D30", "mpn": null, "pack": "D_SOD-123", "value": "D_Small", "mount_type": "smt", "place": true}, {"pos_x": 187.325, "pos_y": -169.1312, "rotation": 90.0, "side": "bottom", "designator": "D60", "mpn": null, "pack": "D_SOD-123", "value": "D_Small", "mount_type": "smt", "place": true}, {"pos_x": 34.925, "pos_y": -92.8687, "rotation": 90.0, "side": "bottom", "designator": "D1", "mpn": null, "pack": "D_SOD-123", "value": "D_Small", "mount_type": "smt", "place": true}, {"pos_x": 134.9375, "pos_y": -111.9187, "rotation": 90.0, "side": "bottom", "designator": "D19", "mpn": null, "pack": "D_SOD-123", "value": "D_Small", "mount_type": "smt", "place": true}, {"pos_x": 77.7875, "pos_y": -188.1187, "rotation": 90.0, "side": "bottom", "designator": "D67", "mpn": null, "pack": "D_SOD-123", "value": "D_Small", "mount_type": "smt", "place": true}, {"pos_x": 153.9875, "pos_y": -188.1187, "rotation": 90.0, "side": "bottom", "designator": "D71", "mpn": null, "pack": "D_SOD-123", "value": "D_Small", "mount_type": "smt", "place": true}, {"pos_x": 39.6875, "pos_y": -111.9187, "rotation": 90.0, "side": "bottom", "designator": "D14", "mpn": null, "pack": "D_SOD-123", "value": "D_Small", "mount_type": "smt", "place": true}, {"pos_x": 82.55, "pos_y": -130.9687, "rotation": 90.0, "side": "bottom", "designator": "D29", "mpn": null, "pack": "D_SOD-123", "value": "D_Small", "mount_type": "smt", "place": true}, {"pos_x": 96.8375, "pos_y": -188.1187, "rotation": 90.0, "side": "bottom", "designator": "D68", "mpn": null, "pack": "D_SOD-123", "value": "D_Small", "mount_type": "smt", "place": true}, {"pos_x": 258.7625, "pos_y": -150.0187, "rotation": 90.0, "side": "bottom", "designator": "D51", "mpn": null, "pack": "D_SOD-123", "value": "D_Small", "mount_type": "smt", "place": true}, {"pos_x": 275.4313, "pos_y": -92.8687, "rotation": 90.0, "side": "bottom", "designator": "D13", "mpn": null, "pack": "D_SOD-123", "value": "D_Small", "mount_type": "smt", "place": true}, {"pos_x": 120.65, "pos_y": -207.1687, "rotation": 90.0, "side": "bottom", "designator": "D82", "mpn": null, "pack": "D_SOD-123", "value": "D_Small", "mount_type": "smt", "place": true}, {"pos_x": 244.475, "pos_y": -92.8687, "rotation": 90.0, "side": "bottom", "designator": "D12", "mpn": null, "pack": "D_SOD-123", "value": "D_Small", "mount_type": "smt", "place": true}, {"pos_x": 68.2625, "pos_y": -149.9562, "rotation": 90.0, "side": "bottom", "designator": "D41", "mpn": null, "pack": "D_SOD-123", "value": "D_Small", "mount_type": "smt", "place": true}, {"pos_x": 53.975, "pos_y": -169.0687, "rotation": 90.0, "side": "bottom", "designator": "D53", "mpn": null, "pack": "D_SOD-123", "value": "D_Small", "mount_type": "smt", "place": true}, {"pos_x": 292.1, "pos_y": -207.1687, "rotation": 90.0, "side": "bottom", "designator": "D91", "mpn": null, "pack": "D_SOD-123", "value": "D_Small", "mount_type": "smt", "place": true}, {"pos_x": 73.025, "pos_y": -92.8687, "rotation": 90.0, "side": "bottom", "designator": "D3", "mpn": null, "pack": "D_SOD-123", "value": "D_Small", "mount_type": "smt", "place": true}, {"pos_x": 225.425, "pos_y": -169.1312, "rotation": 90.0, "side": "bottom", "designator": "D62", "mpn": null, "pack": "D_SOD-123", "value": "D_Small", "mount_type": "smt", "place": true}, {"pos_x": 44.45, "pos_y": -130.9062, "rotation": 90.0, "side": "bottom", "designator": "D27", "mpn": null, "pack": "D_SOD-123", "value": "D_Small", "mount_type": "smt", "place": true}, {"pos_x": 163.5125, "pos_y": -150.0187, "rotation": 90.0, "side": "bottom", "designator": "D46", "mpn": null, "pack": "D_SOD-123", "value": "D_Small", "mount_type": "smt", "place": true}, {"pos_x": 215.9, "pos_y": -130.9687, "rotation": 90.0, "side": "bottom", "designator": "D36", "mpn": null, "pack": "D_SOD-123", "value": "D_Small", "mount_type": "smt", "place": true}, {"pos_x": 149.225, "pos_y": -92.8687, "rotation": 90.0, "side": "bottom", "designator": "D7", "mpn": null, "pack": "D_SOD-123", "value": "D_Small", "mount_type": "smt", "place": true}, {"pos_x": 282.575, "pos_y": -150.0187, "rotation": 90.0, "side": "bottom", "designator": "D52", "mpn": null, "pack": "D_SOD-123", "value": "D_Small", "mount_type": "smt", "place": true}, {"pos_x": 225.425, "pos_y": -92.8062, "rotation": 90.0, "side": "bottom", "designator": "D11", "mpn": null, "pack": "D_SOD-123", "value": "D_Small", "mount_type": "smt", "place": true}, {"pos_x": 273.05, "pos_y": -207.1687, "rotation": 90.0, "side": "bottom", "designator": "D90", "mpn": null, "pack": "D_SOD-123", "value": "D_Small", "mount_type": "smt", "place": true}, {"pos_x": 49.2125, "pos_y": -149.9562, "rotation": 90.0, "side": "bottom", "designator": "D40", "mpn": null, "pack": "D_SOD-123", "value": "D_Small", "mount_type": "smt", "place": true}, {"pos_x": 192.0875, "pos_y": -111.9187, "rotation": 90.0, "side": "bottom", "designator": "D22", "mpn": null, "pack": "D_SOD-123", "value": "D_Small", "mount_type": "smt", "place": true}, {"pos_x": 101.6, "pos_y": -207.1687, "rotation": 90.0, "side": "bottom", "designator": "D81", "mpn": null, "pack": "D_SOD-123", "value": "D_Small", "mount_type": "smt", "place": true}, {"pos_x": 111.125, "pos_y": -169.0687, "rotation": 90.0, "side": "bottom", "designator": "D56", "mpn": null, "pack": "D_SOD-123", "value": "D_Small", "mount_type": "smt", "place": true}, {"pos_x": 230.1875, "pos_y": -188.1187, "rotation": 90.0, "side": "bottom", "designator": "D75", "mpn": null, "pack": "D_SOD-123", "value": "D_Small", "mount_type": "smt", "place": true}, {"pos_x": 115.8875, "pos_y": -188.1187, "rotation": 90.0, "side": "bottom", "designator": "D69", "mpn": null, "pack": "D_SOD-123", "value": "D_Small", "mount_type": "smt", "place": true}, {"pos_x": 230.1875, "pos_y": -111.9187, "rotation": 90.0, "side": "bottom", "designator": "D24", "mpn": null, "pack": "D_SOD-123", "value": "D_Small", "mount_type": "smt", "place": true}, {"pos_x": 201.6125, "pos_y": -150.0187, "rotation": 90.0, "side": "bottom", "designator": "D48", "mpn": null, "pack": "D_SOD-123", "value": "D_Small", "mount_type": "smt", "place": true}, {"pos_x": 158.75, "pos_y": -207.1687, "rotation": 90.0, "side": "bottom", "designator": "D84", "mpn": null, "pack": "D_SOD-123", "value": "D_Small", "mount_type": "smt", "place": true}, {"pos_x": 254.0, "pos_y": -130.9687, "rotation": 90.0, "side": "bottom", "designator": "D38", "mpn": null, "pack": "D_SOD-123", "value": "D_Small", "mount_type": "smt", "place": true}, {"pos_x": 234.95, "pos_y": -207.1687, "rotation": 90.0, "side": "bottom", "designator": "D88", "mpn": null, "pack": "D_SOD-123", "value": "D_Small", "mount_type": "smt", "place": true}, {"pos_x": 168.275, "pos_y": -169.1312, "rotation": 90.0, "side": "bottom", "designator": "D59", "mpn": null, "pack": "D_SOD-123", "value": "D_Small", "mount_type": "smt", "place": true}, {"pos_x": 92.075, "pos_y": -169.0687, "rotation": 90.0, "side": "bottom", "designator": "D55", "mpn": null, "pack": "D_SOD-123", "value": "D_Small", "mount_type": "smt", "place": true}, {"pos_x": 206.375, "pos_y": -92.8062, "rotation": 90.0, "side": "bottom", "designator": "D10", "mpn": null, "pack": "D_SOD-123", "value": "D_Small", "mount_type": "smt", "place": true}, {"pos_x": 158.75, "pos_y": -130.9687, "rotation": 90.0, "side": "bottom", "designator": "D33", "mpn": null, "pack": "D_SOD-123", "value": "D_Small", "mount_type": "smt", "place": true}, {"pos_x": 192.0875, "pos_y": -188.1187, "rotation": 90.0, "side": "bottom", "designator": "D73", "mpn": null, "pack": "D_SOD-123", "value": "D_Small", "mount_type": "smt", "place": true}, {"pos_x": 125.4125, "pos_y": -150.0187, "rotation": 90.0, "side": "bottom", "designator": "D44", "mpn": null, "pack": "D_SOD-123", "value": "D_Small", "mount_type": "smt", "place": true}, {"pos_x": 215.9, "pos_y": -207.1687, "rotation": 90.0, "side": "bottom", "designator": "D87", "mpn": null, "pack": "D_SOD-123", "value": "D_Small", "mount_type": "smt", "place": true}, {"pos_x": 77.7875, "pos_y": -111.9187, "rotation": 90.0, "side": "bottom", "designator": "D16", "mpn": null, "pack": "D_SOD-123", "value": "D_Small", "mount_type": "smt", "place": true}, {"pos_x": 109.6963, "pos_y": -228.6, "rotation": 90.0, "side": "bottom", "designator": "J1", "mpn": null, "pack": "IDC-Header_2x17_P2.54mm_Vertical", "value": "Conn_02x17_Top_Bottom", "mount_type": "tht", "place": true}, {"pos_x": 211.1375, "pos_y": -188.0562, "rotation": 90.0, "side": "bottom", "designator": "D74", "mpn": null, "pack": "D_SOD-123", "value": "D_Small", "mount_type": "smt", "place": true}, {"pos_x": 168.275, "pos_y": -92.8687, "rotation": 90.0, "side": "bottom", "designator": "D8", "mpn": null, "pack": "D_SOD-123", "value": "D_Small", "mount_type": "smt", "place": true}, {"pos_x": 61.1188, "pos_y": -207.1687, "rotation": 90.0, "side": "bottom", "designator": "D79", "mpn": null, "pack": "D_SOD-123", "value": "D_Small", "mount_type": "smt", "place": true}, {"pos_x": 177.8, "pos_y": -207.1687, "rotation": 90.0, "side": "bottom", "designator": "D85", "mpn": null, "pack": "D_SOD-123", "value": "D_Small", "mount_type": "smt", "place": true}, {"pos_x": 207.1688, "pos_y": -169.0687, "rotation": 90.0, "side": "bottom", "designator": "D61", "mpn": null, "pack": "D_SOD-123", "value": "D_Small", "mount_type": "smt", "place": true}, {"pos_x": 196.85, "pos_y": -130.9687, "rotation": 90.0, "side": "bottom", "designator": "D35", "mpn": null, "pack": "D_SOD-123", "value": "D_Small", "mount_type": "smt", "place": true}, {"pos_x": 280.1938, "pos_y": -130.9687, "rotation": 90.0, "side": "bottom", "designator": "D39", "mpn": null, "pack": "D_SOD-123", "value": "D_Small", "mount_type": "smt", "place": true}, {"pos_x": 106.3625, "pos_y": -150.0187, "rotation": 90.0, "side": "bottom", "designator": "D43", "mpn": null, "pack": "D_SOD-123", "value": "D_Small", "mount_type": "smt", "place": true}, {"pos_x": 130.175, "pos_y": -92.8062, "rotation": 90.0, "side": "bottom", "designator": "D6", "mpn": null, "pack": "D_SOD-123", "value": "D_Small", "mount_type": "smt", "place": true}, {"pos_x": 287.3375, "pos_y": -188.1812, "rotation": 90.0, "side": "bottom", "designator": "D78", "mpn": null, "pack": "D_SOD-123", "value": "D_Small", "mount_type": "smt", "place": true}, {"pos_x": 187.325, "pos_y": -92.8687, "rotation": 90.0, "side": "bottom", "designator": "D9", "mpn": null, "pack": "D_SOD-123", "value": "D_Small", "mount_type": "smt", "place": true}, {"pos_x": 58.7375, "pos_y": -111.9187, "rotation": 90.0, "side": "bottom", "designator": "D15", "mpn": null, "pack": "D_SOD-123", "value": "D_Small", "mount_type": "smt", "place": true}, {"pos_x": 153.9875, "pos_y": -111.9187, "rotation": 90.0, "side": "bottom", "designator": "D20", "mpn": null, "pack": "D_SOD-123", "value": "D_Small", "mount_type": "smt", "place": true}, {"pos_x": 97.6313, "pos_y": -111.9187, "rotation": 90.0, "side": "bottom", "designator": "D17", "mpn": null, "pack": "D_SOD-123", "value": "D_Small", "mount_type": "smt", "place": true}, {"pos_x": 249.2375, "pos_y": -111.9187, "rotation": 90.0, "side": "bottom", "designator": "D25", "mpn": null, "pack": "D_SOD-123", "value": "D_Small", "mount_type": "smt", "place": true}, {"pos_x": 53.975, "pos_y": -92.8687, "rotation": 90.0, "side": "bottom", "designator": "D2", "mpn": null, "pack": "D_SOD-123", "value": "D_Small", "mount_type": "smt", "place": true}, {"pos_x": 139.7, "pos_y": -130.9687, "rotation": 90.0, "side": "bottom", "designator": "D32", "mpn": null, "pack": "D_SOD-123", "value": "D_Small", "mount_type": "smt", "place": true}, {"pos_x": 111.125, "pos_y": -92.8687, "rotation": 90.0, "side": "bottom", "designator": "D5", "mpn": null, "pack": "D_SOD-123", "value": "D_Small", "mount_type": "smt", "place": true}, {"pos_x": 92.075, "pos_y": -92.8687, "rotation": 90.0, "side": "bottom", "designator": "D4", "mpn": null, "pack": "D_SOD-123", "value": "D_Small", "mount_type": "smt", "place": true}, {"pos_x": 73.025, "pos_y": -169.0687, "rotation": 90.0, "side": "bottom", "designator": "D54", "mpn": null, "pack": "D_SOD-123", "value": "D_Small", "mount_type": "smt", "place": true}, {"pos_x": 284.9563, "pos_y": -169.0687, "rotation": 90.0, "side": "bottom", "designator": "D65", "mpn": null, "pack": "D_SOD-123", "value": "D_Small", "mount_type": "smt", "place": true}, {"pos_x": 277.8125, "pos_y": -111.8562, "rotation": 90.0, "side": "bottom", "designator": "D26", "mpn": null, "pack": "D_SOD-123", "value": "D_Small", "mount_type": "smt", "place": true}, {"pos_x": 173.0375, "pos_y": -111.9187, "rotation": 90.0, "side": "bottom", "designator": "D21", "mpn": null, "pack": "D_SOD-123", "value": "D_Small", "mount_type": "smt", "place": true}, {"pos_x": 115.8875, "pos_y": -111.9187, "rotation": 90.0, "side": "bottom", "designator": "D18", "mpn": null, "pack": "D_SOD-123", "value": "D_Small", "mount_type": "smt", "place": true}, {"pos_x": 58.7375, "pos_y": -188.1187, "rotation": 90.0, "side": "bottom", "designator": "D66", "mpn": null, "pack": "D_SOD-123", "value": "D_Small", "mount_type": "smt", "place": true}, {"pos_x": 120.65, "pos_y": -130.9687, "rotation": 90.0, "side": "bottom", "designator": "D31", "mpn": null, "pack": "D_SOD-123", "value": "D_Small", "mount_type": "smt", "place": true}, {"pos_x": 87.3125, "pos_y": -149.9562, "rotation": 90.0, "side": "bottom", "designator": "D42", "mpn": null, "pack": "D_SOD-123", "value": "D_Small", "mount_type": "smt", "place": true}, {"pos_x": 182.5625, "pos_y": -149.9562, "rotation": 90.0, "side": "bottom", "designator": "D47", "mpn": null, "pack": "D_SOD-123", "value": "D_Small", "mount_type": "smt", "place": true}, {"pos_x": 144.4625, "pos_y": -150.0187, "rotation": 90.0, "side": "bottom", "designator": "D45", "mpn": null, "pack": "D_SOD-123", "value": "D_Small", "mount_type": "smt", "place": true}, {"pos_x": 263.525, "pos_y": -169.1312, "rotation": 90.0, "side": "bottom", "designator": "D64", "mpn": null, "pack": "D_SOD-123", "value": "D_Small", "mount_type": "smt", "place": true}]